{
  "dataServiceGeneratorVersion": "0.12.6",
  "appInfo": {
    "name": "Sample app",
    "description": "Sample application for e-commerce",
    "version": "n51v62ck",
    "id": "cl2kf2hw772121901s6ddpvb55e",
    "url": "https://app.amplication.com/cl2kf2hw772121901s6ddpvb55e",
    "settings": {
      "dbHost": "localhost",
      "dbName": "",
      "dbPassword": "admin",
      "dbPort": 5432,
      "dbUser": "admin",
      "appId": "cl2kf2hw772121901s6ddpvb55e",
      "authProvider": "Jwt"
    }
  }
}
